{
  "project_info": {
    "project_number": "1047859197369",
    "firebase_url": "https://contact-app-new-dd0df-default-rtdb.firebaseio.com",
    "project_id": "contact-app-new-dd0df",
    "storage_bucket": "contact-app-new-dd0df.appspot.com"
  },
  "client": [
    {
      "client_info": {
        "mobilesdk_app_id": "1:1047859197369:android:05cd7ae1e3fa3ae1597268",
        "android_client_info": {
          "package_name": "com.tcs.edureka"
        }
      },
      "oauth_client": [
        {
          "client_id": "1047859197369-j98im04cmdk13d2kkk60iutslvklbjed.apps.googleusercontent.com",
          "client_type": 3
        }
      ],
      "api_key": [
        {
          "current_key": "AIzaSyCCYJgSkKAoe05sj7Yxlf-5sQyLte8fPJw"
        }
      ],
      "services": {
        "appinvite_service": {
          "other_platform_oauth_client": [
            {
              "client_id": "1047859197369-j98im04cmdk13d2kkk60iutslvklbjed.apps.googleusercontent.com",
              "client_type": 3
            }
          ]
        }
      }
    }
  ],
  "configuration_version": "1"
}